{
  "note": "cv2.fisheye model \u2014 K ve D, cv2.fisheye.calibrate() ile \u00fcretildi.",
  "board": {
    "squares_x": 11,
    "squares_y": 8,
    "square_length_mm": 16.75,
    "marker_length_mm": 12.5
  },
  "image_size": [
    1296,
    972
  ],
  "rms_error": 0.14826,
  "camera_matrix": [
    [
      525.819914298586,
      0.0,
      657.8726976516317
    ],
    [
      0.0,
      525.6328619809713,
      524.2472448704182
    ],
    [
      0.0,
      0.0,
      1.0
    ]
  ],
  "dist_coeffs": [
    0.018707805877159436,
    0.05677596081674007,
    -0.11203902613154826,
    0.05475540160350681
  ]
}