{
  "note": "cv2.fisheye model \u2014 K ve D, cv2.fisheye.calibrate() ile \u00fcretildi.",
  "board": {
    "squares_x": 11,
    "squares_y": 8,
    "square_length_mm": 16.75,
    "marker_length_mm": 10.33
  },
  "image_size": [
    1296,
    972
  ],
  "rms_error": 0.14864,
  "camera_matrix": [
    [
      525.7939876476212,
      0.0,
      657.8809476250206
    ],
    [
      0.0,
      525.5993073015284,
      524.4008313498028
    ],
    [
      0.0,
      0.0,
      1.0
    ]
  ],
  "dist_coeffs": [
    0.019104562815598893,
    0.054707874638689265,
    -0.10870807799880312,
    0.05319334760547952
  ]
}