{
  "note": "Fisheye calibration \u2014 cv2.fisheye model",
  "board": {
    "squares_x": 11,
    "squares_y": 8,
    "square_length_mm": 16.75,
    "marker_length_mm": 12.5
  },
  "image_size": [
    1296,
    972
  ],
  "rms_error": 0.27652,
  "camera_matrix": [
    [
      524.0290501765044,
      0.0,
      655.1252798022433
    ],
    [
      0.0,
      523.0100749039859,
      521.6676077051094
    ],
    [
      0.0,
      0.0,
      1.0
    ]
  ],
  "dist_coeffs": [
    0.042007712898463764,
    -0.0199738508226052,
    0.0013858616897818464,
    -0.0007644667363583726
  ]
}